"","","District","","Name","Party","Religion","Prior Experience","Education","Assumed Office","Born In"
"1","","Alabama 1","","Byrne, BradleyBradley Byrne","Republican","Episcopalian","Alabama Senate","Duke UniversityUniversity of Alabama","2014","1955"
"2","","Alabama 2","","Roby, MarthaMartha Roby","Republican","Presbyterian (PCA)","Montgomery City Council","New York UniversityCumberland School of Law","2011","1976"
"3","","Alabama 3","","Rogers, Mike D.Mike D. Rogers","Republican","Baptist - IFB","Calhoun County Commissioner, Alabama House of Representatives","Jacksonville State UniversityBirmingham School of Law","2003","1958"
"4","","Alabama 4","","Aderholt, RobertRobert Aderholt","Republican","United Methodist","Haleyville Municipal Judge","Birmingham–Southern CollegeSamford University","1997","1965"
"5","","Alabama 5","","Brooks, MoMo Brooks","Republican","Unspecified Christian","Alabama House of Representatives, Madison County Commissioner","Duke UniversityUniversity of Alabama","2011","1954"
"6","","Alabama 6","","Bachus, SpencerSpencer Bachus","Republican","Baptist - SBC","Alabama Senate, Alabama House of Representatives, Alabama Republican Party Chairman","Auburn UniversityUniversity of Alabama","1993","1947"
"7","","Alabama 7","","Sewell, TerriTerri Sewell","Democratic","Baptist","Attorney","Princeton UniversityHarvard School of LawUniversity of Oxford","2011","1965"
"8","","Alaska At Large","","Young, DonDon Young","Republican","Episcopalian","Alaska Senate, Ship captain, Mayor of Fort Yukon, Alaska","California State University, Chico","1973*","1933"
"9","","Arizona 1","","Kirkpatrick, AnnAnn Kirkpatrick","Democratic","Roman Catholic","Arizona House of Representatives, U.S. House","University of ArizonaUniversity of Arizona College of Law","2013","1950"
"10","","Arizona 2","","Barber, RonRon Barber","Democratic","Roman Catholic","Congressional aide of Rep. Gabrielle Giffords","University of Arizona","2012*","1945"
"11","","Arizona 3","","Grijalva, RaúlRaúl Grijalva","Democratic","Roman Catholic","Pima County Board of Supervisors","University of Arizona","2003","1948"
"12","","Arizona 4","","Gosar, PaulPaul Gosar","Republican","Roman Catholic","President of the Northern Arizona Dental Society","Creighton UniversityCreighton University School of Dentistry","2011","1958"
"13","","Arizona 5","","Salmon, MattMatt Salmon","Republican","Mormon","Arizona Senate, U.S. House","Arizona State UniversityBrigham Young University","2013","1958"
"14","","Arizona 6","","Schweikert, DavidDavid Schweikert","Republican","Roman Catholic","Arizona House of Representatives, Arizona Board of Education, Arizona Board of Equalization, Maricopa County Treasurer","Arizona State University","2011","1962"
"15","","Arizona 7","","Pastor, EdEd Pastor","Democratic","Roman Catholic","Maricopa County Board of Supervisors, Maricopa County Executive","Arizona State UniversityUniversity of Arizona","1991*","1943"
"16","","Arizona 8","","Franks, TrentTrent Franks","Republican","Baptist - SBC","Arizona House of Representatives","Ottawa University","2003","1957"
"17","","Arizona 9","","Sinema, KyrstenKyrsten Sinema","Democratic","Unspecified","Arizona Senate","Brigham Young UniversityArizona State University","2013","1976"
"18","","Arkansas 1","","Crawford, RickRick Crawford","Republican","Baptist - SBC","Broadcaster, Businessman","Arkansas State University","2011","1966"
"19","","Arkansas 2","","Griffin, TimTim Griffin","Republican","Baptist - SBC","U.S. Attorney for the Eastern District of Arkansas","Hendrix CollegeTulane University","2011","1968"
"20","","Arkansas 3","","Womack, SteveSteve Womack","Republican","Baptist - SBC","Mayor of Rogers, Arkansas","Arkansas Tech University","2011","1957"
"21","","Arkansas 4","","Cotton, TomTom Cotton","Republican","United Methodist","U.S. Army","Harvard College","2013","1977"
"22","","California 1","","LaMalfa, DougDoug LaMalfa","Republican","Evangelical Free Church","California State Senate","California Polytechnic State University","2013","1960"
"23","","California 2","","Huffman, JaredJared Huffman","Democratic","Roman Catholic","California State Assembly","University of California, Santa BarbaraBoston College Law School","2013","1964"
"24","","California 3","","Garamendi, JohnJohn Garamendi","Democratic","Roman Catholic","Lieutenant Governor of California, United States Deputy Secretary of the Interior, California Insurance Commissioner, California State Senate, California State Assembly","University of California, BerkeleyHarvard Business School","2009*","1945"
"25","","California 4","","McClintock, TomTom McClintock","Republican","Baptist - NAB","California Senate, California State Assembly","University of California, Los Angeles","2009","1956"
"26","","California 5","","Thompson, MikeMike Thompson","Democratic","Roman Catholic","California State Senate","California State University, Chico","1999","1951"
"27","","California 6","","Matsui, DorisDoris Matsui","Democratic","United Methodist","Sacramento, California City Council","University of California, Berkeley","2005*","1944"
"28","","California 7","","Bera, AmiAmi Bera","Democratic","Unitarian Universalism","Chief Medical Officer of Sacramento County, California","University of California, Irvine","2013","1965"
"29","","California 8","","Cook, PaulPaul Cook","Republican","Roman Catholic","California State Assembly","Southern Connecticut State UniversityCalifornia State University, San BernardinoUniversity of California, Riverside","2013","1943"
"30","","California 9","","McNerney, JerryJerry McNerney","Democratic","Roman Catholic","Engineering executive","University of New Mexico","2007","1951"
"31","","California 10","","Denham, JeffJeff Denham","Republican","Presbyterian PC(USA)","California State Senate","California Polytechnic State University","2011","1967"
"32","","California 11","","Miller, GeorgeGeorge Miller","Democratic","Roman Catholic","Political aide","San Francisco State UniversityUniversity of California, Davis","1975","1945"
"33","","California 12","","Pelosi, NancyNancy Pelosi","Democratic","Roman Catholic","Current House Minority Leader
Northern California Democratic Party Chairwoman","Trinity Washington University","1987*","1940"
"34","","California 13","","Lee, BarbaraBarbara Lee","Democratic","Baptist - PNBC","California State Assembly","Mills CollegeUniversity of California, Berkeley","1998*","1946"
"35","","California 14","","Speier, JackieJackie Speier","Democratic","Roman Catholic","California State Senate, California State Assembly, San Mateo County Board of Supervisors","University of California, DavisUC, Hastings Law","2008*","1950"
"36","","California 15","","Swalwell, EricEric Swalwell","Democratic","unspecified Christian","Dublin City Council","University of Maryland, College ParkUniversity of Maryland School of Law","2013","1980"
"37","","California 16","","Costa, JimJim Costa","Democratic","Roman Catholic","California State Senate, California State Assembly","California State University, Fresno","2005","1952"
"38","","California 17","","Honda, MikeMike Honda","Democratic","unspecified Protestant","California State Assembly, Santa Clara County Board of Supervisors","San Jose State University","2001","1941"
"39","","California 18","","Eshoo, AnnaAnna Eshoo","Democratic","Chaldean Catholic","San Mateo County Board of Supervisors","Cañada CollegeMenlo College","1993","1942"
"40","","California 19","","Lofgren, ZoeZoe Lofgren","Democratic","Lutheran - ELCA","Santa Clara County Board of Supervisors","Stanford UniversitySanta Clara University","1995","1947"
"41","","California 20","","Farr, SamSam Farr","Democratic","Episcopalian","California State Assembly, Monterey County Board of Supervisors","Willamette UniversitySanta Clara UniversityMonterey Institute of International Studies","1993","1941"
"42","","California 21","","Valadao, DavidDavid Valadao","Republican","Roman Catholic","California State Assembly","College of the Sequoias","2013","1977"
"43","","California 22","","Nunes, DevinDevin Nunes","Republican","Roman Catholic","California State Director for the United States Department of Agriculture's Rural Development Section","College of the SequoiasCal Poly University, San Luis Obispo","2003","1973"
"44","","California 23","","McCarthy, KevinKevin McCarthy","Republican","Baptist - SBC","Current House Majority WhipCalifornia State Assembly","California State University, Bakersfield","2007","1965"
"45","","California 24","","Capps, LoisLois Capps","Democratic","Lutheran - ELCA","Nurse, Teacher","Pacific Lutheran UniversityYale UniversityUniversity of California, Santa Barbara","1998*","1938"
"46","","California 25","","McKeon, HowardHoward McKeon","Republican","Mormon","Santa Clarita, California City Council","Brigham Young University","1993","1938"
"47","","California 26","","Brownley, JuliaJulia Brownley","Democratic","Episcopalian","California State Assembly","George Washington UniversityAmerican University","2013","1952"
"48","","California 27","","Chu, JudyJudy Chu","Democratic","Baptist","Mayor of Monterey Park, Monterey Park City Council, California State Assembly, California State Board of Equalization","University of California, Los Angeles","2009*","1953"
"49","","California 28","","Schiff, AdamAdam Schiff","Democratic","Jewish","California State Senate, Assistant Prosecutor for the United States Attorney for the Southern District of California","Stanford UniversityHarvard University","2001","1960"
"50","","California 29","","Cardenas, TonyTony Cardenas","Democratic","Christian","Los Angeles City Council","University of California, Santa Barbara","2013","1963"
"51","","California 30","","Sherman, BradBrad Sherman","Democratic","Jewish","California Board of Equalization","University of California, Los AngelesHarvard Law School","1997","1954"
"52","","California 31","","Miller, GaryGary Miller","Republican","Nondenominational Christian","California State Assembly, Mayor of Diamond Bar, California, Diamond Bar Municipal Advisory Council","Mount San Antonio College","1999","1948"
"53","","California 32","","Napolitano, GraceGrace Napolitano","Democratic","Roman Catholic","California State Assembly","Texas Southmost College","1999","1936"
"54","","California 33","","Waxman, HenryHenry Waxman","Democratic","Jewish","California State Assembly","University of California, Los Angeles","1975","1939"
"55","","California 34","","Becerra, XavierXavier Becerra","Democratic","Roman Catholic","California State Assembly","Stanford University","1993","1958"
"56","","California 35","","McLeod, Gloria NegreteGloria Negrete McLeod","Democratic","Roman Catholic","California State Senate","Chaffey College","2013","1941"
"57","","California 36","","Ruiz, RaulRaul Ruiz","Democratic","Seventh-day Adventist","Emergency physician","University of California, Los AngelesHarvard University","2013","1972"
"58","","California 37","","Bass, KarenKaren Bass","Democratic","Baptist","Speaker of the California State Assembly","California State University, Dominguez Hills","2011","1953"
"59","","California 38","","Sánchez, LindaLinda Sánchez","Democratic","Roman Catholic","Attorney","University of California, BerkeleyUniversity of California, Los Angeles","2003","1969"
"60","","California 39","","Royce, EdEd Royce","Republican","Roman Catholic","California State Senate","California State University, Fullerton","1993","1951"
"61","","California 40","","Roybal-Allard, LucilleLucille Roybal-Allard","Democratic","Roman Catholic","public relations executive","California State University, Los Angeles","1993","1941"
"62","","California 41","","Takano, MarkMark Takano","Democratic","United Methodist","Teacher","Harvard University","2013","1960"
"63","","California 42","","Calvert, KenKen Calvert","Republican","Congregationalist - UCC","Real Estate Executive","Chaffey CollegeSan Diego State University","1993","1953"
"64","","California 43","","Waters, MaxineMaxine Waters","Democratic","unspecified Christian","California State Assembly","California State University, Los Angeles","1991","1938"
"65","","California 44","","Hahn, JaniceJanice Hahn","Democratic","Churches of Christ","Los Angeles City Council, former businesswoman and teacher","Abilene Christian University","2011*","1952"
"66","","California 45","","Campbell, JohnJohn Campbell","Republican","Presbyterian PC(USA)","California State Senate, California State Assembly","University of California, Los AngelesUniversity of Southern California","2005","1955"
"67","","California 46","","Sanchez, LorettaLoretta Sanchez","Democratic","Roman Catholic","Financial analyst","Chapman UniversityAmerican University","1997","1960"
"68","","California 47","","Lowenthal, AlanAlan Lowenthal","Democratic","Jewish","California State Senate, California State Assembly","Ohio State University|Hobart College","2013","1941"
"69","","California 48","","Rohrabacher, DanaDana Rohrabacher","Republican","Baptist","Special assistant to Ronald Reagan","California State University, Long BeachUniversity of Southern California","1989","1947"
"70","","California 49","","Issa, DarrellDarrell Issa","Republican","Eastern Orthodox","Electronics executive","Kent State University","2001","1953"
"71","","California 50","","Hunter, Duncan D.Duncan D. Hunter","Republican","Baptist - SBC","Military officer, businessman","San Diego State University","2009","1976"
"72","","California 51","","Vargas, JuanJuan Vargas","Democratic","Roman Catholic","California State Senate","Harvard Law SchoolFordham UniversityUniversity of San Diego","2013","1961"
"73","","California 52","","Peters, ScottScott Peters","Democratic","Lutheran - ELCA","San Diego City Council, San Diego Port Commission","Duke UniversityNew York University School of Law","2013","1958"
"74","","California 53","","Davis, SusanSusan Davis","Democratic","Jewish","California State Assembly","University of California, BerkeleyUniversity of North Carolina at Chapel Hill","2001","1944"
"75","","Colorado 1","","DeGette, DianaDiana DeGette","Democratic","Presbyterian PC(USA)","Colorado House of Representatives","Colorado College","1997","1957"
"76","","Colorado 2","","Polis, JaredJared Polis","Democratic","Jewish","Colorado State Board of Education, Internet Executive","Princeton University","2009","1975"
"77","","Colorado 3","","Tipton, ScottScott Tipton","Republican","Anglican","Colorado House of Representatives","Fort Lewis College","2011","1956"
"78","","Colorado 4","","Gardner, CoryCory Gardner","Republican","Lutheran - LCMS","Colorado House of Representatives","Colorado State UniversityUniversity of Colorado at Boulder","2011","1974"
"79","","Colorado 5","","Lamborn, DougDoug Lamborn","Republican","unspecified Christian","President pro tempore of the Colorado Senate, Colorado House of Representatives","University of Kansas","2007","1954"
"80","","Colorado 6","","Coffman, MikeMike Coffman","Republican","United Methodist","Secretary of State of Colorado, Colorado State Treasurer, Colorado Senate, Colorado House of Representatives","University of Colorado","2009","1955"
"81","","Colorado 7","","Perlmutter, EdEd Perlmutter","Democratic","United Methodist","Colorado Senate","University of Colorado","2007","1953"
"82","","Connecticut 1","","Larson, John B.John B. Larson","Democratic","Roman Catholic","Connecticut Senate, East Hartford, Connecticut City Council, East Hartford, Connecticut Board of Education","Central Connecticut State University","1999","1948"
"83","","Connecticut 2","","Courtney, JoeJoe Courtney","Democratic","Roman Catholic","Connecticut House of Representatives","Tufts University","2007","1953"
"84","","Connecticut 3","","DeLauro, RosaRosa DeLauro","Democratic","Roman Catholic","Executive Director of EMILY's List, Political aide","Marymount College","1991","1943"
"85","","Connecticut 4","","Himes, JimJim Himes","Democratic","Presbyterian PC(USA)","Financial executive","Harvard UniversityUniversity of Oxford","2009","1966"
"86","","Connecticut 5","","Esty, ElizabethElizabeth Esty","Democratic","Congregationalist - UCC","Connecticut House of Representatives","Harvard UniversityYale University","2013","1959"
"87","","Delaware At Large","","Carney, JohnJohn Carney","Democratic","Roman Catholic","Lieutenant Governor of Delaware, Delaware Secretary of Finance","Dartmouth CollegeUniversity of Delaware","2011","1956"
"88","","Florida 1","","Miller, JeffJeff Miller","Republican","United Methodist","Florida House of Representatives, Santa Rosa County, Florida Deputy Sheriff","University of Florida","2001","1959"
"89","","Florida 2","","Southerland, SteveSteve Southerland","Republican","Baptist - SBC","Funeral Home Director","Jefferson State Community CollegeTroy State University","2011","1965"
"90","","Florida 3","","Yoho, TedTed Yoho","Republican","Roman Catholic","Veterinarian","University of Florida","2013","1955"
"91","","Florida 4","","Crenshaw, AnderAnder Crenshaw","Republican","Episcopalian","Florida Senate, Florida House of Representatives","University of GeorgiaUniversity of Florida","2001","1944"
"92","","Florida 5","","Brown, CorrineCorrine Brown","Democratic","Baptist - FGBCF","Florida House of Representatives","Florida A&M University","1993","1946"
"93","","Florida 6","","DeSantis, RonRon DeSantis","Republican","Roman Catholic","Prosecutor U.S. Attorney's Office, U.S. Navy","Yale UniversityHarvard Law School","2013","1978"
"94","","Florida 7","","Mica, JohnJohn Mica","Republican","Episcopalian","Florida House of Representatives","University of Florida","1993","1943"
"95","","Florida 8","","Posey, BillBill Posey","Republican","United Methodist","Florida Senate, Florida House of Representatives, Rockledge, Florida City Council","Nova Southeastern University","2009","1947"
"96","","Florida 9","","Grayson, AlanAlan Grayson","Democratic","Jewish","U.S. House","Harvard University","2013","1958"
"97","","Florida 10","","Webster, DanielDaniel Webster","Republican","Baptist - SBC","Florida Senate, Florida House of Representatives","Georgia Institute of Technology","2011","1949"
"98","","Florida 11","","Nugent, RichRich Nugent","Republican","United Methodist","Sheriff of Hernando County, Florida","Saint Leo UniversityTroy University","2011","1951"
"99","","Florida 12","","Bilirakis, GusGus Bilirakis","Republican","Eastern Orthodox","Florida House of Representatives","University of FloridaStetson University College of Law","2007","1963"
"100","","Florida 13","","Jolly, DavidDavid Jolly","Republican","Baptist","Attorney, general counsel to former Congressman Bill Young","Emory UniversityGeorge Mason University School of Law","2014","1972"
"101","","Florida 14","","Castor, KathyKathy Castor","Democratic","Presbyterian PC(USA)","Assistant General Counsel to the Florida Department of Community Affairs, President of the Florida Association of Women Lawyers, Hillsborough County, Florida Board of Commissioners","Emory University","2007","1966"
"102","","Florida 15","","Ross, DennisDennis Ross","Republican","Presbyterian PC(USA)","Florida House of Representatives","Auburn UniversityCumberland School of Law","2011","1959"
"103","","Florida 16","","Buchanan, VernVern Buchanan","Republican","Baptist - SBC","Auto Dealer","Cleary University","2007","1951"
"104","","Florida 17","","Rooney, TomTom Rooney","Republican","Roman Catholic","Criminal Prosecutor Florida Department of Justice, Attorney","Washington & Jefferson CollegeUniversity of Florida","2009","1970"
"105","","Florida 18","","Murphy, PatrickPatrick Murphy","Democratic","Roman Catholic","Accountant","University of Miami","2013","1983"
"106","","Florida 19","","Clawson, CurtCurt Clawson","Republican","Mormon","Automotive Executive","Purdue UniversityHarvard Business School","2014","1959"
"107","","Florida 20","","Hastings, AlceeAlcee Hastings","Democratic","African Methodist","Judge of the United States District Court for the Southern District of Florida","Fisk University","1993","1936"
"108","","Florida 21","","Deutch, TedTed Deutch","Democratic","Jewish","Florida Senate","University of MichiganUniversity of Michigan Law School","2010*","1966"
"109","","Florida 22","","Frankel, LoisLois Frankel","Democratic","Jewish","West Palm Beach mayor","Boston UniversityGeorgetown University Law Center","2013","1948"
"110","","Florida 23","","Wasserman Schultz, DebbieDebbie Wasserman Schultz","Democratic","Jewish","Florida Senate, Florida House of Representatives","University of Florida","2005","1966"
"111","","Florida 24","","Wilson, FredericaFrederica Wilson","Democratic","Episcopalian","Florida Senate, Florida House of Representatives","Fisk UniversityUniversity of Miami","2011","1942"
"112","","Florida 25","","Diaz-Balart, MarioMario Diaz-Balart","Republican","Roman Catholic","Florida Senate, Florida House of Representatives","University of South Florida","2003","1961"
"113","","Florida 26","","Garcia, JoeJoe Garcia","Democratic","Roman Catholic","U.S. Department of Energy Director of Economic Impact","Belen Jesuit Preparatory SchoolUniversity of MiamiUniversity of Miami School of Law","2013","1963"
"114","","Florida 27","","Ros-Lehtinen, IleanaIleana Ros-Lehtinen","Republican","Episcopalian","Florida Senate, Florida House of Representatives","Florida International UniversityUniversity of Miami","1989","1952"
"115","","Georgia 1","","Kingston, JackJack Kingston","Republican","Episcopalian","Georgia House of Representatives","University of Georgia","1993","1955"
"116","","Georgia 2","","Bishop, SanfordSanford Bishop","Democratic","Baptist - NBC","Georgia State Senate, Georgia House of Representatives","Morehouse College","1993","1947"
"117","","Georgia 3","","Westmoreland, LynnLynn Westmoreland","Republican","Baptist - SBC","Georgia House of Representatives","Georgia State University","2003","1950"
"118","","Georgia 4","","Johnson, HankHank Johnson","Democratic","Soka Gakkai Buddhist","DeKalb County, Georgia Commissioner, Associate Magistrate Judge","Clark Atlanta University","2007","1954"
"119","","Georgia 5","","Lewis, JohnJohn Lewis","Democratic","Baptist - ABCUSA","Atlanta City Council, Chairman of the Student Nonviolent Coordinating Committee","American Baptist Theological Seminary","1987","1940"
"120","","Georgia 6","","Price, TomTom Price","Republican","Presbyterian PC(USA)","Physician","University of Michigan","2005","1954"
"121","","Georgia 7","","Woodall, RobRob Woodall","Republican","United Methodist","Political aide, Attorney","Furman UniversityUniversity of Georgia","2011","1970"
"122","","Georgia 8","","Scott, AustinAustin Scott","Republican","Baptist - SBC","Georgia House of Representatives","University of Georgia","2011","1969"
"123","","Georgia 9","","Collins, DougDoug Collins","Republican","Baptist - SBC","Georgia House of Representatives","North Georgia CollegeNew Orleans Baptist Theological Seminary","2013","1966"
"124","","Georgia 10","","Broun, PaulPaul Broun","Republican","Baptist - SBC","Physician","University of GeorgiaMedical College of Georgia","2007*","1946"
"125","","Georgia 11","","Gingrey, PhilPhil Gingrey","Republican","Roman Catholic","Georgia State Senate, Chairman of the Marietta, Georgia School Board","Georgia Institute of TechnologyMedical College of Georgia","2003","1942"
"126","","Georgia 12","","Barrow, JohnJohn Barrow","Democratic","Baptist - CBF","Clarke County, Georgia Commissioner, Athens, Georgia City Council","University of GeorgiaHarvard University","2005","1955"
"127","","Georgia 13","","Scott, DavidDavid Scott","Democratic","Baptist","Georgia State Senate, Georgia House of Representatives","Florida A&M University","2003","1946"
"128","","Georgia 14","","Graves, TomTom Graves","Republican","Baptist - SBC","Georgia House of Representatives,","University of Georgia","2010*","1970"
"129","","Hawaii 1","","Hanabusa, ColleenColleen Hanabusa","Democratic","Jodo Shinshu Buddhist","President of the Hawaii Senate","University of HawaiiWilliam S. Richardson School of Law","2011","1951"
"130","","Hawaii 2","","Gabbard, TulsiTulsi Gabbard","Democratic","Hinduism","Honolulu City Council,Hawaii House of Representatives","Hawaii Pacific UniversityOfficer Candidate School","2013","1981"
"131","","Idaho 1","","Labrador, RaúlRaúl Labrador","Republican","Mormon","Idaho House of Representatives","Brigham Young UniversityUniversity of Washington","2011","1967"
"132","","Idaho 2","","Simpson, MikeMike Simpson","Republican","Mormon","Speaker of the Idaho House of Representatives, Blackfoot, Idaho City Council","Utah State University","1999","1950"
"133","","Illinois 1","","Rush, BobbyBobby Rush","Democratic","Nondenominational Christian","Chicago City Council","Roosevelt UniversityUniversity of IllinoisMcCormick Theological Seminary","1993","1946"
"134","","Illinois 2","","Kelly, RobinRobin Kelly","Democratic","unknown","Illinois House of Representatives","Bradley UniversityNorthern Illinois University","2013*","1956"
"135","","Illinois 3","","Lipinski, DanDan Lipinski","Democratic","Roman Catholic","Member of the University of Notre Dame and University of Tennessee Faculty","Northwestern UniversityStanford UniversityDuke University","2005","1966"
"136","","Illinois 4","","Gutiérrez, LuisLuis Gutiérrez","Democratic","Roman Catholic","Chicago City Council","Northeastern Illinois University","1993","1953"
"137","","Illinois 5","","Quigley, MikeMike Quigley","Democratic","Roman Catholic","Cook County Board of Commissioners","Roosevelt UniversityLoyola University Chicago School of LawUniversity of Chicago","2009*","1959"
"138","","Illinois 6","","Roskam, PeterPeter Roskam","Republican","Anglican (AMiA)","Illinois Senate, Illinois House of Representatives","University of IllinoisChicago–Kent College of Law","2007","1961"
"139","","Illinois 7","","Davis, Danny K.Danny K. Davis","Democratic","Baptist","Chicago City Council, Cook County Board of Commissioners","University of Arkansas at Pine BluffChicago State UniversityUnion Institute and University","1997","1941"
"140","","Illinois 8","","Duckworth, TammyTammy Duckworth","Democratic","Unspecified","Assistant Secretary of the Department of Veterans Affairs for Public and Intergovernmental Affairs","University of Hawaiʻi at MānoaGeorge Washington UniversityNorthern Illinois University","2013","1968"
"141","","Illinois 9","","Schakowsky, JanJan Schakowsky","Democratic","Jewish","Illinois House of Representatives","University of Illinois","1999","1944"
"142","","Illinois 10","","Schneider, BradBrad Schneider","Democratic","Jewish","Businessman","Northwestern University","2013","1961"
"143","","Illinois 11","","Foster, BillBill Foster","Democratic","Unspecified","U.S. House","University of Wisconsin–MadisonHarvard University","2013","1955"
"144","","Illinois 12","","Enyart, WilliamWilliam Enyart","Democratic","Congregationalist - UCC","Adjutant general of Illinois","Southern Illinois University CarbondaleUnited States Army War College","2013","1949"
"145","","Illinois 13","","Davis, Rodney L.Rodney L. Davis","Republican","Roman Catholic","Congressional Staffer","Millikin University","2013","1970"
"146","","Illinois 14","","Hultgren, RandyRandy Hultgren","Republican","Nondenominational Christian","Illinois Senate, Illinois House of Representatives, Dupage County, Illinois Board of Commissioners","Bethel UniversityChicago-Kent College of Law","2011","1966"
"147","","Illinois 15","","Shimkus, JohnJohn Shimkus","Republican","Lutheran - LCMS","Madison County, Illinois Treasurer","United States Military AcademySouthern Illinois University","1997","1958"
"148","","Illinois 16","","Kinzinger, AdamAdam Kinzinger","Republican","unspecified Protestant","McLean County, Illinois Board of Commissioners","Illinois State University","2011","1978"
"149","","Illinois 17","","Bustos, CheriCheri Bustos","Democratic","Roman Catholic","East Moline City Council","University of MarylandUniversity of Illinois at Springfield","2013","1961"
"150","","Illinois 18","","Schock, AaronAaron Schock","Republican","Baptist - CBA","Illinois House of Representatives, President of the Peoria, Illinois School Board","Bradley University","2009","1981"
"151","","Indiana 1","","Visclosky, PetePete Visclosky","Democratic","Roman Catholic","Attorney, Congressional aide","Indiana University NorthwestUniversity of Notre DameGeorgetown University","1985","1949"
"152","","Indiana 2","","Walorski, JackieJackie Walorski","Republican","Pentecostal - AG","Indiana House of Representatives","Liberty Baptist CollegeTaylor University","2013","1963"
"153","","Indiana 3","","Stutzman, MarlinMarlin Stutzman","Republican","Baptist - SBC","Indiana Senate, Indiana House of Representatives","Glen Oaks Community CollegeTrine University","2010*","1976"
"154","","Indiana 4","","Rokita, ToddTodd Rokita","Republican","Roman Catholic","Indiana Secretary of State","Wabash CollegeIndiana University Robert H. McKinney School of Law","2011","1970"
"155","","Indiana 5","","Brooks, SusanSusan Brooks","Republican","Roman Catholic","U.S. Attorney for Southern Indiana","Miami University of OhioIndiana University Robert H. McKinney School of Law","2013","1960"
"156","","Indiana 6","","Messer, LukeLuke Messer","Republican","Presbyterian PC(USA)","Indiana House of Representatives","Wabash CollegeVanderbilt University Law School","2013","1969"
"157","","Indiana 7","","Carson, AndréAndré Carson","Democratic","Muslim","Indianapolis City-County Council","Concordia University WisconsinIndiana Wesleyan University","2008*","1974"
"158","","Indiana 8","","Bucshon, LarryLarry Bucshon","Republican","Lutheran - LCMS","Heart Surgeon","University of Illinois at Urbana-ChampaignUniversity of Illinois Medical School","2011","1962"
"159","","Indiana 9","","Young, ToddTodd Young","Republican","Churches of Christ","Deputy Prosecutor for Orange County, Indiana, President of the Orange County, Indiana Bar Association","United States Naval AcademyUniversity of ChicagoUniversity of LondonIndiana University","2011","1972"
"160","","Iowa 1","","Braley, BruceBruce Braley","Democratic","Presbyterian PC(USA)","President of the Iowa Trial Lawyers Association, Lawyer","Iowa State UniversityUniversity of Iowa","2007","1957"
"161","","Iowa 2","","Loebsack, DavidDavid Loebsack","Democratic","United Methodist","Professor","Iowa State University","2007","1952"
"162","","Iowa 3","","Latham, TomTom Latham","Republican","Lutheran - ELCA","Businessman","Iowa State University","1995","1948"
"163","","Iowa 4","","King, SteveSteve King","Republican","Roman Catholic","Iowa Senate","Northwest Missouri State University","2003","1949"
"164","","Kansas 1","","Huelskamp, TimTim Huelskamp","Republican","Roman Catholic","Kansas Senate","College of Santa FeAmerican University","2011","1968"
"165","","Kansas 2","","Jenkins, LynnLynn Jenkins","Republican","United Methodist","Kansas State Treasurer, Kansas Senate, Kansas House of Representatives","Kansas State UniversityWeber State College","2009","1963"
"166","","Kansas 3","","Yoder, KevinKevin Yoder","Republican","United Methodist","Kansas House of Representatives","University of KansasUniversity of Kansas Law School","2011","1976"
"167","","Kansas 4","","Pompeo, MikeMike Pompeo","Republican","Presbyterian (EPC)","Attorney","U.S. Military AcademyHarvard Law School","2011","1963"
"168","","Kentucky 1","","Whitfield, EdEd Whitfield","Republican","United Methodist","Vice President of CSX Corporation, Legal Counsel to the Chairman of the Interstate Commerce Commission, Kentucky House of Representatives","University of KentuckyWesley Theological Seminary","1995","1943"
"169","","Kentucky 2","","Guthrie, BrettBrett Guthrie","Republican","Churches of Christ","Kentucky Senate","United States Military AcademyYale University","2009","1964"
"170","","Kentucky 3","","Yarmuth, JohnJohn Yarmuth","Democratic","Jewish","Newspaper Publisher, Vice-President for University Relations University of Louisville","Yale University","2007","1947"
"171","","Kentucky 4","","Massie, ThomasThomas Massie","Republican","United Methodist","Judge-Executive of Lewis County, Kentucky","Massachusetts Institute of Technology","2012*","1971"
"172","","Kentucky 5","","Rogers, HalHal Rogers","Republican","Baptist - SBC","Commonwealth's Attorney for Pulaski and Rockcastle County, Kentucky","University of Kentucky","1981","1937"
"173","","Kentucky 6","","Barr, AndyAndy Barr","Republican","Episcopalian","Attorney","University of VirginiaUniversity of Kentucky College of Law","2013","1973"
"174","","Louisiana 1","","Scalise, SteveSteve Scalise","Republican","Roman Catholic","Louisiana State Senate, Louisiana House of Representatives","Louisiana State University","2008","1965"
"175","","Louisiana 2","","Richmond, CedricCedric Richmond","Democratic","Baptist","Louisiana House of Representatives","Morehouse CollegeTulane School of Law","2011","1973"
"176","","Louisiana 3","","Boustany, CharlesCharles Boustany","Republican","Episcopalian","Heart surgeon","University of Southwestern LouisianaLouisiana State University","2005","1956"
"177","","Louisiana 4","","Fleming, JohnJohn Fleming","Republican","Baptist - SBC","Webster Parish, Louisiana Coroner|, Businessman","University of Mississippi","2009","1951"
"178","","Louisiana 5","","McAllister, VanceVance McAllister","Republican","Baptist - SBC","Businessman","University of Louisiana at Monroe","2013*","1974"
"179","","Louisiana 6","","Cassidy, BillBill Cassidy","Republican","Nondenominational Christian","Louisiana State Senate","Louisiana State University","2009","1957"
"180","","Maine 1","","Pingree, ChellieChellie Pingree","Democratic","Lutheran - ELCA","Majority Leader Maine State Senate, President Common Cause","College of the Atlantic","2009","1955"
"181","","Maine 2","","Michaud, MikeMike Michaud","Democratic","Roman Catholic","President of the Maine State Senate, Maine House of Representatives","Schenck High School","2003","1955"
"182","","Maryland 1","","Harris, AndyAndy Harris","Republican","Roman Catholic","Maryland State Senate","Johns Hopkins University","2011","1957"
"183","","Maryland 2","","Ruppersberger, DutchDutch Ruppersberger","Democratic","United Methodist","Baltimore County Executive; Chief of the Office of Investigative Division for Maryland's Department of Justice; Baltimore County Assistant State's Attorney","University of MarylandUniversity of Baltimore","2003","1946"
"184","","Maryland 3","","Sarbanes, JohnJohn Sarbanes","Democratic","Eastern Orthodox","Attorney, Law Clerk","Princeton UniversityHarvard Law School","2007","1962"
"185","","Maryland 4","","Edwards, DonnaDonna Edwards","Democratic","Baptist","Community Activist","Wake Forest UniversityUniversity of New Hampshire School of Law","2008*","1958"
"186","","Maryland 5","","Hoyer, StenySteny Hoyer","Democratic","Baptist - Alliance of Baptists","Current House Minority Whip
President of the Maryland State Senate, Maryland Board of Higher Education","University of MarylandGeorgetown University","1981*","1939"
"187","","Maryland 6","","Delaney, JohnJohn Delaney","Democratic","Roman Catholic","Businessman","Columbia UniversityGeorgetown University Law Center","2013","1963"
"188","","Maryland 7","","Cummings, ElijahElijah Cummings","Democratic","Baptist - ABCUSA","Speaker pro tempore of the Maryland House of Delegates","Howard UniversityUniversity of Maryland","1996*","1951"
"189","","Maryland 8","","Van Hollen, ChrisChris Van Hollen","Democratic","Episcopalian","Maryland State Senate, Maryland House of Delegates","Swarthmore CollegeHarvard UniversityGeorgetown University","2003","1959"
"190","","Massachusetts 1","","Neal, RichardRichard Neal","Democratic","Roman Catholic","Mayor of Springfield","American International CollegeUniversity of Hartford","1989","1949"
"191","","Massachusetts 2","","McGovern, JimJim McGovern","Democratic","Roman Catholic","Congressional staff member","American University","1997","1959"
"192","","Massachusetts 3","","Tsongas, NikiNiki Tsongas","Democratic","Eastern Orthodox","Dean of External Affairs at Middlesex Community College","Smith CollegeBoston University","2007*","1946"
"193","","Massachusetts 4","","Kennedy, JoeJoe Kennedy","Democratic","Roman Catholic","Prosecutor, assistant district attorney","Stanford UniversityHarvard University","2013","1980"
"194","","Massachusetts 5","","Clark, KatherineKatherine Clark","Democratic","unspecified Christian","Massachusetts Senate, Attorney","St. Lawrence UniversityCornell UniversityHarvard Kennedy School of Government","2013","1963"
"195","","Massachusetts 6","","Tierney, JohnJohn Tierney","Democratic","Roman Catholic","Attorney","Salem State UniversitySuffolk University Law School","1997","1951"
"196","","Massachusetts 7","","Capuano, MikeMike Capuano","Democratic","Roman Catholic","Mayor of Somerville","Dartmouth CollegeBoston College Law School","1999","1952"
"197","","Massachusetts 8","","Lynch, StephenStephen Lynch","Democratic","Roman Catholic","Massachusetts State Legislature","Wentworth Institute of TechnologyBoston College Law School","2001*","1955"
"198","","Massachusetts 9","","Keating, BillBill Keating","Democratic","Roman Catholic","Massachusetts House of Representatives, Massachusetts Senate, Norfolk County District Attorney","Boston CollegeSuffolk University Law School","2011","1952"
"199","","Michigan 1","","Benishek, DanDan Benishek","Republican","Roman Catholic","surgeon","University of MichiganWayne State University School of Medicine","2011","1952"
"200","","Michigan 2","","Huizenga, BillBill Huizenga","Republican","Christian Reformed","Michigan House of Representatives","Calvin College","2011","1969"
"201","","Michigan 3","","Amash, JustinJustin Amash","Republican","Eastern Orthodox","Michigan House of Representatives","University of MichiganUniversity of Michigan Law School","2011","1980"
"202","","Michigan 4","","Camp, DavidDavid Camp","Republican","Roman Catholic","Michigan House of Representatives","Albion CollegeUniversity of San Diego School of Law","1991","1953"
"203","","Michigan 5","","Kildee, DanDan Kildee","Democratic","Roman Catholic","Genessee County Treasurer","Central Michigan University","2013","1958"
"204","","Michigan 6","","Upton, FredFred Upton","Republican","Congregationalist - UCC","U.S. government administrator","University of Michigan","1987","1953"
"205","","Michigan 7","","Walberg, TimTim Walberg","Republican","United Brethren","U.S. House","Fort Wayne Bible CollegeWheaton College","2011","1951"
"206","","Michigan 8","","Rogers, MikeMike Rogers","Republican","United Methodist","Michigan Senate","Adrian College","2001","1963"
"207","","Michigan 9","","Levin, SanderSander Levin","Democratic","Jewish","U.S. Government administrator","University of ChicagoColumbia UniversityHarvard Law School","1983","1931"
"208","","Michigan 10","","Miller, CandiceCandice Miller","Republican","Presbyterian PC(USA)","Harrison Township Supervisor, Macomb County Treasurer, State Secretary of State","Macomb Community CollegeNorthwood University","2003","1954"
"209","","Michigan 11","","Bentivolio, KerryKerry Bentivolio","Republican","Roman Catholic","Teacher, engineer","Saint Mary's CollegeMarygrove College","2013","1951"
"210","","Michigan 12","","Dingell, JohnJohn Dingell","Democratic","Roman Catholic","asst. prosecutor, Wayne County","Georgetown University","1955*","1926"
"211","","Michigan 13","","Conyers, JohnJohn Conyers","Democratic","Baptist - NBC","Congressional aide","Wayne State University","1965","1929"
"212","","Michigan 14","","Peters, GaryGary Peters","Democratic","Episcopalian","Michigan Senate, Michigan Lottery Commissioner","Alma CollegeUniversity of Detroit MercyWayne State University Law School","2009","1958"
"213","","Minnesota 1","","Walz, TimTim Walz","DFL","Lutheran - ELCA","Army National Guard Command Sergeant Major, teacher","Chadron State College","2007","1964"
"214","","Minnesota 2","","Kline, JohnJohn Kline","Republican","United Methodist","U.S. Marine Corps Colonel","Rice UniversityShippensburg University","2003","1947"
"215","","Minnesota 3","","Paulsen, ErikErik Paulsen","Republican","Lutheran - LCMS","Minnesota Senate","St. Olaf College","2009","1965"
"216","","Minnesota 4","","McCollum, BettyBetty McCollum","DFL","Roman Catholic","North St. Paul City Council, Minnesota House of Representatives","College of St. Catherine","2001","1954"
"217","","Minnesota 5","","Ellison, KeithKeith Ellison","DFL","Muslim","Minnesota House of Representatives","Wayne State UniversityUniversity of Minnesota Law School","2007","1963"
"218","","Minnesota 6","","Bachmann, MicheleMichele Bachmann","Republican","Evangelical Free Church","Education adviser for Minnesota Family Institute, Minnesota Senate","Winona State UniversityOral Roberts UniversityCollege of William and Mary","2007","1956"
"219","","Minnesota 7","","Peterson, CollinCollin Peterson","DFL","Lutheran - ELCA","Certified Public Accountant, Minnesota Senate","Moorhead State University","1991","1944"
"220","","Minnesota 8","","Nolan, RickRick Nolan","Democratic","Roman Catholic","U.S. House, businessman","St. John’s UniversityUniversity of MinnesotaUniversity of MarylandSt. Cloud State University","2013","1943"
"221","","Mississippi 1","","Nunnelee, AlanAlan Nunnelee","Republican","Baptist - SBC","Mississippi Senate","Mississippi State University","2011","1958"
"222","","Mississippi 2","","Thompson, BennieBennie Thompson","Democratic","United Methodist","alderman, mayor of Bolton, Hinds County Board of Supervisors","Tougaloo CollegeJackson State University","1993*","1948"
"223","","Mississippi 3","","Harper, GreggGregg Harper","Republican","Baptist - SBC","Attorney, Rankin County Party Chairman","Mississippi CollegeUniversity of Mississippi","2009","1956"
"224","","Mississippi 4","","Palazzo, StevenSteven Palazzo","Republican","Roman Catholic","Mississippi House of Representatives","University of Southern Mississippi","2011","1970"
"225","","Missouri 1","","Clay, WilliamWilliam Clay","Democratic","Roman Catholic","Missouri State Legislature","University of MarylandHarvard University","2001","1956"
"226","","Missouri 2","","Wagner, AnnAnn Wagner","Republican","Roman Catholic","U.S. Ambassador to Luxembourg","University of Missouri","2013","1962"
"227","","Missouri 3","","Luetkemeyer, BlaineBlaine Luetkemeyer","Republican","Roman Catholic","Missouri House of Representatives, State Tourism Director","Lincoln University","2009","1960"
"228","","Missouri 4","","Hartzler, VickyVicky Hartzler","Republican","Fellowship of Evangelical Churches","Missouri House of Representatives","University of MissouriCentral Missouri State University","2011","1960"
"229","","Missouri 5","","Cleaver, EmanuelEmanuel Cleaver","Democratic","United Methodist","Mayor of Kansas City, pastor, radio show host","Prairie View A&M UniversitySt. Paul School of Theology","2005","1944"
"230","","Missouri 6","","Graves, SamSam Graves","Republican","Baptist - SBC","Missouri Senate","University of Missouri","2001","1963"
"231","","Missouri 7","","Long, BillyBilly Long","Republican","Presbyterian PC(USA)","auctioneer","","2011","1955"
"232","","Missouri 8","","Smith, Jason T.Jason T. Smith","Republican","Pentecostal - AG","Missouri House of Representatives","University of Missouri","2013","1980"
"233","","Montana At Large","","Daines, SteveSteve Daines","Republican","Presbyterian PC(USA)","Businessman","Montana State University","2001","1955"
"234","","Nebraska 1","","Fortenberry, JeffJeff Fortenberry","Republican","Roman Catholic","Lincoln city council, businessman","Louisiana State UniversityGeorgetown UniversityFranciscan University of Steubenville","2005","1960"
"235","","Nebraska 2","","Terry, LeeLee Terry","Republican","United Methodist","Omaha City Council, attorney","University of NebraskaCreighton University","1999","1962"
"236","","Nebraska 3","","Smith, AdrianAdrian Smith","Republican","Evangelical Free Church","Gering City Council, State Legislator","University of Nebraska","2007","1970"
"237","","Nevada 1","","Titus, DinaDina Titus","Democratic","Eastern Orthodox","U.S. House","College of William & MaryUniversity of GeorgiaFlorida State University","2013","1950"
"238","","Nevada 2","","Amodei, MarkMark Amodei","Republican","Presbyterian","Nevada House of Representatives; Nevada Senate","University of Nevada, RenoUniversity of the Pacific","2011*","1958"
"239","","Nevada 3","","Heck, JoeJoe Heck","Republican","Roman Catholic","Nevada Senate","Pennsylvania State UniversityPhiladelphia College of Osteopathic MedicineU.S. Army War College","2011","1961"
"240","","Nevada 4","","Horsford, StevenSteven Horsford","Democratic","Baptist","Nevada Senate","University of Nevada, Reno (attended)","2013","1973"
"241","","New Hampshire 1","","Shea-Porter, CarolCarol Shea-Porter","Democratic","Roman Catholic","U.S. House","University of New Hampshire","2013","1952"
"242","","New Hampshire 2","","McLane Kuster, AnnAnn McLane Kuster","Democratic","Episcopalian","Attorney, lobbyist","Dartmouth CollegeGeorgetown University Law Center","2013","1956"
"243","","New Jersey 1","","Norcross, DonaldDonald Norcross","Democratic","Unknown","New Jersey Senate, New Jersey General Assembly","Camden County College","2014*","1958"
"244","","New Jersey 2","","LoBiondo, FrankFrank LoBiondo","Republican","Roman Catholic","New Jersey General Assembly","St. Joseph's University","2003","1946"
"245","","New Jersey 3","","Runyan, JonJon Runyan","Republican","Roman Catholic","National Football League player (offensive tackle)","University of Michigan","2011","1973"
"246","","New Jersey 4","","Smith, ChrisChris Smith","Republican","Roman Catholic","Retail executive","Trenton State College","1981","1953"
"247","","New Jersey 5","","Garrett, ScottScott Garrett","Republican","Nondenominational Christian","New Jersey General Assembly","Montclair State UniversityRutgers University","2003","1959"
"248","","New Jersey 6","","Pallone, FrankFrank Pallone","Democratic","Roman Catholic","Long Branch city council, New Jersey Senate","Middlebury CollegeTufts UniversityRutgers University","1988*","1951"
"249","","New Jersey 7","","Lance, LeonardLeonard Lance","Republican","Roman Catholic","New Jersey Senate","Lehigh UniversityVanderbilt UniversityPrinceton University","2009","1952"
"250","","New Jersey 8","","Sires, AlbioAlbio Sires","Democratic","Roman Catholic","Mayor of West New York, Speaker of the New Jersey General Assembly","Saint Peter's CollegeMiddlebury College","2006*","1951"
"251","","New Jersey 9","","Pascrell, BillBill Pascrell","Democratic","Roman Catholic","New Jersey General Assembly, Mayor of Paterson","Fordham University","1997","1937"
"252","","New Jersey 10","","Payne, Jr., DonaldDonald Payne, Jr.","Democratic","Baptist","Newark Municipal Council, Essex County Freeholder","Kean University","2012*","1958"
"253","","New Jersey 11","","Frelinghuysen, RodneyRodney Frelinghuysen","Republican","Episcopalian","New Jersey General Assembly","Hobart College","1995","1946"
"254","","New Jersey 12","","Holt, Jr., RushRush Holt, Jr.","Democratic","Quaker","physicist","Carleton CollegeNew York University","1999","1948"
"255","","New Mexico 1","","Lujan Grisham, MichelleMichelle Lujan Grisham","Democratic","Roman Catholic","Bernalillo County commissioner","University of New MexicoUniversity of New Mexico School of Law","2013","1959"
"256","","New Mexico 2","","Pearce, SteveSteve Pearce","Republican","Baptist - SBC","U.S. House","New Mexico State UniversityEastern New Mexico University","2011","1947"
"257","","New Mexico 3","","Luján, BenBen Luján","Democratic","Roman Catholic","New Mexico Public Regulation Commissioner","New Mexico Highlands University","2009","1972"
"258","","New York 1","","Bishop, TimTim Bishop","Democratic","Roman Catholic","Provost of Southampton College","College of the Holy CrossLong Island University","2003","1950"
"259","","New York 2","","King, PeterPeter King","Republican","Roman Catholic","Hempstead Town Council, Nassau County Comptroller","St. Francis CollegeUniversity of Notre Dame","1993","1944"
"260","","New York 3","","Israel, SteveSteve Israel","Democratic","Jewish","Huntington Town Board","George Washington University","2001","1958"
"261","","New York 4","","McCarthy, CarolynCarolyn McCarthy","Democratic","Roman Catholic","Practical Nurse","Glen Cove Hospital School of Nursing","1997","1944"
"262","","New York 5","","Meeks, GregoryGregory Meeks","Democratic","African Methodist","New York State Assembly","Adelphi UniversityHoward University","1998*","1953"
"263","","New York 6","","Meng, GraceGrace Meng","Democratic","unspecified Christian","New York State Assembly","University of MichiganBenjamin N. Cardozo School of Law","2013","1975"
"264","","New York 7","","Velázquez, NydiaNydia Velázquez","Democratic","Roman Catholic","Director, Dept. of Puerto Rican Community Affairs","University of Puerto RicoNew York University","1993","1953"
"265","","New York 8","","Jeffries, HakeemHakeem Jeffries","Democratic","Baptist - unspecified","New York State Assembly","New York University School of LawGeorgetown UniversityBinghamton University","2013","1970"
"266","","New York 9","","Clarke, YvetteYvette Clarke","Democratic","African Methodist","New York City Councilwoman","Oberlin College","2007","1964"
"267","","New York 10","","Nadler, JerroldJerrold Nadler","Democratic","Jewish","New York State Assembly","Columbia UniversityFordham University","1992*","1947"
"268","","New York 11","","Grimm, MichaelMichael Grimm","Republican","Roman Catholic","FBI Agent","Baruch CollegeNew York Law School","2011","1970"
"269","","New York 12","","Maloney, CarolynCarolyn Maloney","Democratic","Presbyterian PC(USA)","New York City Councilwoman","Greensboro College","1993","1948"
"270","","New York 13","","Rangel, CharlesCharles Rangel","Democratic","Roman Catholic","United States Army Sergeant, attorney, New York State Assembly","New York UniversitySt. John's University","1971","1930"
"271","","New York 14","","Crowley, JosephJoseph Crowley","Democratic","Roman Catholic","New York State Assembly","Queens College","1999","1962"
"272","","New York 15","","Serrano, JoséJosé Serrano","Democratic","Roman Catholic","New York State Assembly","Lehman College","1990*","1943"
"273","","New York 16","","Engel, EliotEliot Engel","Democratic","Jewish","high school teacher, New York State Assembly","Lehman CollegeNew York Law School","1989","1947"
"274","","New York 17","","Lowey, NitaNita Lowey","Democratic","Jewish","New York Assistant Secretary of State","Mount Holyoke College","1989","1937"
"275","","New York 18","","Maloney, Sean PatrickSean Patrick Maloney","Democratic","Roman Catholic","Attorney","University of Virginia","2013","1966"
"276","","New York 19","","Gibson, ChrisChris Gibson","Republican","Roman Catholic","United States Army","Siena CollegeCornell University","2011","1964"
"277","","New York 20","","Tonko, PaulPaul Tonko","Democratic","Roman Catholic","NY Assemblyman","Clarkson University","2009","1949"
"278","","New York 21","","Owens, BillBill Owens","Democratic","Roman Catholic","Lawyer, business owner","Fordham UniversityManhattan College","2009*","1949"
"279","","New York 22","","Hanna, RichardRichard Hanna","Republican","Roman Catholic","businessman","Reed College","2011","1951"
"280","","New York 23","","Reed, TomTom Reed","Republican","Roman Catholic","Mayor of Corning","Alfred UniversityOhio Northern University, Pettit College of Law","2010*","1971"
"281","","New York 24","","Maffei, DanDan Maffei","Democratic","Roman Catholic","U.S. House","Brown UniversityColumbia UniversityHarvard University","2013","1968"
"282","","New York 25","","Slaughter, LouiseLouise Slaughter","Democratic","Episcopalian","Monroe County Legislature, New York State Assembly","University of Kentucky","1987","1929"
"283","","New York 26","","Higgins, BrianBrian Higgins","Democratic","Roman Catholic","Buffalo Common Council,New York State Assemblyman","University at BuffaloHarvard University","2005","1959"
"284","","New York 27","","Collins, ChrisChris Collins","Republican","Roman Catholic","Erie County Executive","North Carolina State UniversityUniversity of Alabama at Birmingham","2013","1950"
"285","","North Carolina 1","","Butterfield, G. K.G. K. Butterfield","Democratic","Baptist - ABCUSA","North Carolina Supreme Court Justice","North Carolina Central University","2004*","1947"
"286","","North Carolina 2","","Ellmers, ReneeRenee Ellmers","Republican","Roman Catholic","registered nurse","Oakland University","2011","1964"
"287","","North Carolina 3","","Jones, WalterWalter Jones","Republican","Roman Catholic","North Carolina House of Representatives","Atlantic Christian College","1995","1943"
"288","","North Carolina 4","","Price, DavidDavid Price","Democratic","Baptist - ABCUSA","college professor","Mars Hill CollegeUniversity of North CarolinaYale University","1997","1940"
"289","","North Carolina 5","","Foxx, VirginiaVirginia Foxx","Republican","Roman Catholic","North Carolina Senate","University of North CarolinaUniversity of North Carolina-Greensboro","2005","1943"
"290","","North Carolina 6","","Coble, HowardHoward Coble","Republican","Presbyterian PC(USA)","NC Secretary of Revenue,North Carolina House of Representatives","Guilford CollegeUniversity of North Carolina","1985","1931"
"291","","North Carolina 7","","McIntyre, MikeMike McIntyre","Democratic","Presbyterian PC(USA)","Attorney","University of North Carolina","1997","1956"
"292","","North Carolina 8","","Hudson, RichardRichard Hudson","Republican","United Methodist","Businessman","UNC Charlotte","2013","1971"
"293","","North Carolina 9","","Pittenger, RobertRobert Pittenger","Republican","Nondenominational Christian","North Carolina State Senate","University of Texas","2013","1948"
"294","","North Carolina 10","","McHenry, PatrickPatrick McHenry","Republican","Roman Catholic","North Carolina House of Representatives","North Carolina State UniversityBelmont Abbey College","2005","1975"
"295","","North Carolina 11","","Meadows, MarkMark Meadows","Republican","United Methodist","Businessman","University of South Florida","2013","1959"
"296","","North Carolina 12","","Adams, AlmaAlma Adams","Democratic","Unknown","North Carolina House of Representatives","North Carolina A&T State UniversityOhio State University","2014*","1946"
"297","","North Carolina 13","","Holding, GeorgeGeorge Holding","Republican","Baptist - SBC","U.S. Attorney for Eastern North Carolina","Wake Forest UniversityWake Forest University School of Law","2013","1968"
"298","","North Dakota At Large","","Cramer, KevinKevin Cramer","Republican","Pentecostal - ICFG","North Dakota Public Service Commissioner","Concordia CollegeUniversity of Mary","2013","1961"
"299","","Ohio 1","","Chabot, SteveSteve Chabot","Republican","Roman Catholic","U.S. House","College of William & MaryNorthern Kentucky University","2011","1953"
"300","","Ohio 2","","Wenstrup, BradBrad Wenstrup","Republican","Roman Catholic","Physician","University of Cincinnati","2013","1958"
"301","","Ohio 3","","Beatty, JoyceJoyce Beatty","Democratic","Baptist","Ohio House of Representatives Minority Leader","Central State UniversityWright State UniversityUniversity of Cincinnati","2013","1950"
"302","","Ohio 4","","Jordan, JimJim Jordan","Republican","Nondenominational Christian","State General Assembly, Ohio Senate","University of Wisconsin–Madison","2007","1964"
"303","","Ohio 5","","Latta, BobBob Latta","Republican","Roman Catholic","Wood County Commissioner, Ohio House of Representatives, Ohio Senate","Bowling Green State UniversityUniversity of Toledo","2007","1956"
"304","","Ohio 6","","Johnson, BillBill Johnson","Republican","unspecified Protestant","United States Air Force","Troy University","2011","1954"
"305","","Ohio 7","","Gibbs, BobBob Gibbs","Republican","United Methodist","Ohio House of Representatives, Ohio Senate","Ohio State University Agricultural Technical Institute","2011","1954"
"306","","Ohio 8","","Boehner, JohnJohn Boehner","Republican","Roman Catholic","Current Speaker of the House of RepresentativesOhio House of Representatives","Xavier University","1991","1949"
"307","","Ohio 9","","Kaptur, MarcyMarcy Kaptur","Democratic","Roman Catholic","Domestic Policy Advisor, Carter Adm.","University of WisconsinUniversity of MichiganMassachusetts Institute of Technology","1983","1946"
"308","","Ohio 10","","Turner, MikeMike Turner","Republican","Presbyterian","Mayor of Dayton","Ohio Northern UniversityCase Western Reserve UniversityUniversity of Dayton","2003","1960"
"309","","Ohio 11","","Fudge, MarciaMarcia Fudge","Democratic","Baptist","Mayor of Warrensville Heights","Ohio State UniversityCleveland-Marshall College of Law","2008*","1952"
"310","","Ohio 12","","Tiberi, PatPat Tiberi","Republican","Roman Catholic","Ohio House of Representatives","Ohio State UniversityCapital University","2001","1962"
"311","","Ohio 13","","Ryan, TimTim Ryan","Democratic","Roman Catholic","Ohio Senate","Bowling Green State UniversityUniversity of New Hampshire School of Law","2003","1973"
"312","","Ohio 14","","Joyce, DavidDavid Joyce","Republican","Roman Catholic","Geauga County Prosecutor","University of Dayton","2013","1957"
"313","","Ohio 15","","Stivers, SteveSteve Stivers","Republican","United Methodist","Ohio Senate","Ohio State University","2011","1965"
"314","","Ohio 16","","Renacci, JimJim Renacci","Republican","Roman Catholic","businessman, CPA","Indiana University of Pennsylvania","2011","1958"
"315","","Oklahoma 1","","Bridenstine, JimJim Bridenstine","Republican","Baptist - SBC","Museum director","Rice UniversitySamuel Curtis Johnson Graduate School of Management","2013","1975"
"316","","Oklahoma 2","","Mullin, MarkwayneMarkwayne Mullin","Republican","Pentecostalism","Businessman","Missouri Valley College","2013","1977"
"317","","Oklahoma 3","","Lucas, FrankFrank Lucas","Republican","Baptist - SBC","Oklahoma House of Representatives","Oklahoma State University","2003","1960"
"318","","Oklahoma 4","","Cole, TomTom Cole","Republican","United Methodist","Oklahoma Senate, Oklahoma Secretary of State, college professor","Grinnell CollegeYale UniversityUniversity of Oklahoma","2003","1949"
"319","","Oklahoma 5","","Lankford, JamesJames Lankford","Republican","Baptist - SBC","youth minister","University of Texas at AustinSouthwestern Baptist Theological Seminary","2011","1968"
"320","","Oregon 1","","Bonamici, SuzanneSuzanne Bonamici","Democratic","Unknown","Oregon House of Representatives, Oregon State Senate","Lane Community CollegeUniversity of Oregon","2012*","1954"
"321","","Oregon 2","","Walden, GregGreg Walden","Republican","Episcopalian","Oregon House of Representatives, Oregon State Senate","University of Oregon","1999","1957"
"322","","Oregon 3","","Blumenauer, EarlEarl Blumenauer","Democratic","unspecified Protestant","Oregon state representative, Multnomah County Commissioner, Portland City Commissioner","Lewis & Clark College","1996*","1948"
"323","","Oregon 4","","DeFazio, PeterPeter DeFazio","Democratic","Roman Catholic","Lane County Commissioner, Chair","Tufts UniversityUniversity of OregonUniversity of Notre Dame","1987","1947"
"324","","Oregon 5","","Schrader, KurtKurt Schrader","Democratic","Episcopalian","Veterinarian, Oregon State Senate","Cornell UniversityUniversity of Illinois","2009","1951"
"325","","Pennsylvania 1","","Brady, BobBob Brady","Democratic","Roman Catholic","Congressional aide; Pennsylvania Turnpike Commission","St. Thomas More High School","1998*","1945"
"326","","Pennsylvania 2","","Fattah, ChakaChaka Fattah","Democratic","Baptist - NBC","Pennsylvania General Assembly","University of Pennsylvania","1995","1956"
"327","","Pennsylvania 3","","Kelly, MikeMike Kelly","Republican","Roman Catholic","businessman","University of Notre Dame","2011","1948"
"328","","Pennsylvania 4","","Perry, ScottScott Perry","Republican","United Brethren","Pennsylvania House of Representatives","Pennsylvania State University","2013","1962"
"329","","Pennsylvania 5","","Thompson, GlennGlenn Thompson","Republican","Nondenominational Christian","Centre County Party Chairman","Penn State UniversityTemple University","2009","1959"
"330","","Pennsylvania 6","","Gerlach, JimJim Gerlach","Republican","unspecified Protestant","Pennsylvania General Assembly","Dickinson CollegeDickinson School of Law","2003","1955"
"331","","Pennsylvania 7","","Meehan, PatPat Meehan","Republican","Roman Catholic","Delaware County District Attorney, U.S. Attorney","Bowdoin CollegeTemple Law School","2011","1955"
"332","","Pennsylvania 8","","Fitzpatrick, MikeMike Fitzpatrick","Republican","Roman Catholic","U.S. House","St. Thomas UniversityDickinson School of Law","2011","1963"
"333","","Pennsylvania 9","","Shuster, BillBill Shuster","Republican","Lutheran - ELCA","Businessman","Dickinson CollegeAmerican University","2001*","1961"
"334","","Pennsylvania 10","","Marino, TomTom Marino","Republican","Roman Catholic","U.S. Attorney","Lycoming CollegeDickinson School of Law","2011","1952"
"335","","Pennsylvania 11","","Barletta, LouLou Barletta","Republican","Roman Catholic","Mayor of Hazleton","","2011","1956"
"336","","Pennsylvania 12","","Rothfus, KeithKeith Rothfus","Republican","Roman Catholic","Attorney","SUNY BuffaloUniversity of Notre Dame","2013","1962"
"337","","Pennsylvania 13","","Schwartz, AllysonAllyson Schwartz","Democratic","Jewish","Pennsylvania State Senate","Simmons CollegeBryn Mawr College","2005","1948"
"338","","Pennsylvania 14","","Doyle, MichaelMichael Doyle","Democratic","Roman Catholic","State Senator Chief of Staff","Penn State University","1995","1953"
"339","","Pennsylvania 15","","Dent, CharlieCharlie Dent","Republican","Presbyterian PC(USA)","Pennsylvania State Senate","Penn State UniversityLehigh University","2005","1960"
"340","","Pennsylvania 16","","Pitts, JoeJoe Pitts","Republican","Nondenominational Christian","State Representative, Pennsylvania","Asbury College","1997","1939"
"341","","Pennsylvania 17","","Cartwright, MattMatt Cartwright","Democratic","Roman Catholic","Attorney","Hamilton CollegeUniversity of Pennsylvania Law School","2013","1961"
"342","","Pennsylvania 18","","Murphy, Timothy F.Timothy F. Murphy","Republican","Roman Catholic","Pennsylvania State Senate","Wheeling Jesuit UniversityCleveland State UniversityUniversity of Pittsburgh","2003","1952"
"343","","Rhode Island 1","","Cicilline, DavidDavid Cicilline","Democratic","Roman Catholic","Mayor of Providence","Brown UniversityGeorgetown University Law Center","2011","1961"
"344","","Rhode Island 2","","Langevin, JimJim Langevin","Democratic","Roman Catholic","Rhode Island State Assembly, Rhode Island Secretary of State","Rhode Island CollegeHarvard University","2001","1964"
"345","","South Carolina 1","","Sanford, MarkMark Sanford","Republican","Episcopalian","U.S. House (1995-2001), Governor of South Carolina","Furman UniversityUniversity of Virginia","2013*","1960"
"346","","South Carolina 2","","Wilson, JoeJoe Wilson","Republican","Presbyterian ARPC","South Carolina Senate","Washington and Lee UniversityUniversity of South Carolina School of Law","2001*","1947"
"347","","South Carolina 3","","Duncan, JeffJeff Duncan","Republican","Baptist - SBC","South Carolina House of Representatives","Clemson University","2011","1966"
"348","","South Carolina 4","","Gowdy, TreyTrey Gowdy","Republican","Baptist - SBC","7th Circuit Solicitor","Baylor UniversityUniversity of South Carolina School of Law","2011","1964"
"349","","South Carolina 5","","Mulvaney, MickMick Mulvaney","Republican","Roman Catholic","South Carolina House of Representatives, South Carolina Senate","Georgetown UniversityUniversity of North Carolina at Chapel Hill","2011","1967"
"350","","South Carolina 6","","Clyburn, JimJim Clyburn","Democratic","African Methodist","Political aide, teacher","South Carolina State University","1993","1940"
"351","","South Carolina 7","","Rice, TomTom Rice","Republican","Episcopalian","Attorney, businessman","University of South Carolina","2013","1957"
"352","","South Dakota At Large","","Noem, KristiKristi Noem","Republican","Pentecostal - ICFG","South Dakota House of Representatives","South Dakota State University","2011","1971"
"353","","Tennessee 1","","Roe, PhilPhil Roe","Republican","United Methodist","OB/GYN, Mayor of Johnson City","Austin Peay State UniversityUniversity of Tennessee","2009","1945"
"354","","Tennessee 2","","Duncan, JimmyJimmy Duncan","Republican","Presbyterian PC(USA)","state court judge","University of TennesseeGeorge Washington University","1988*","1947"
"355","","Tennessee 3","","Fleischmann, ChuckChuck Fleischmann","Republican","Roman Catholic","attorney","University of IllinoisUniversity of Tennessee College of Law","2011","1962"
"356","","Tennessee 4","","DesJarlais, ScottScott DesJarlais","Republican","Episcopalian","physician","University of South DakotaSanford School of Medicine of the University of South Dakota","2011","1964"
"357","","Tennessee 5","","Cooper, JimJim Cooper","Democratic","Episcopalian","college professor","University of North CarolinaOriel CollegeHarvard Law School","2003","1954"
"358","","Tennessee 6","","Black, DianeDiane Black","Republican","Lutheran - ELCA","Tennessee House of Representatives, Tennessee Senate","Belmont University","2011","1951"
"359","","Tennessee 7","","Blackburn, MarshaMarsha Blackburn","Republican","Presbyterian PC(USA)","Tennessee Senate","Mississippi State University","2003","1952"
"360","","Tennessee 8","","Fincher, StephenStephen Fincher","Republican","United Methodist","farmer","","2011","1973"
"361","","Tennessee 9","","Cohen, SteveSteve Cohen","Democratic","Jewish","Tennessee Senate, Attorney","Vanderbilt UniversityUniversity of Memphis","2007","1949"
"362","","Texas 1","","Gohmert, LouieLouie Gohmert","Republican","Baptist - SBC","Texas appeals court judge","Texas A&M UniversityBaylor University","2005","1953"
"363","","Texas 2","","Poe, TedTed Poe","Republican","Churches of Christ","federal court judge","Abilene Christian UniversityUniversity of Houston Law Center","2005","1948"
"364","","Texas 3","","Johnson, SamSam Johnson","Republican","United Methodist","Texas state legislator","Southern Methodist University","1991*","1930"
"365","","Texas 4","","Hall, RalphRalph Hall","Republican","United Methodist","Texas Senate, attorney; financial executive","Southern Methodist UniversityTexas Christian University (attended)University of Texas at Austin (attended)","1981","1923"
"366","","Texas 5","","Hensarling, JebJeb Hensarling","Republican","Episcopalian","energy executive","Texas A&M UniversityUniversity of Texas at Austin","2003","1957"
"367","","Texas 6","","Barton, JoeJoe Barton","Republican","United Methodist","oil industry consultant","Texas A&M UniversityPurdue University","1985","1949"
"368","","Texas 7","","Culberson, JohnJohn Culberson","Republican","United Methodist","Texas House of Representatives","Southern Methodist UniversitySouth Texas College of Law","2001","1956"
"369","","Texas 8","","Brady, KevinKevin Brady","Republican","Roman Catholic","Beaumont, Texas Chamber of Commerce executive","University of South Dakota","1997","1955"
"370","","Texas 9","","Green, AlAl Green","Democratic","Baptist - SBC","Harris County Justice of the Peace, Houston NAACP president","Florida A&M UniversityTuskeegee InstituteTexas Southern University","2005","1947"
"371","","Texas 10","","McCaul, MichaelMichael McCaul","Republican","Roman Catholic","Attorney, federal prosecutor","Trinity UniversitySt. Mary's UniversityKennedy School of Government (attended)","2005","1962"
"372","","Texas 11","","Conaway, MikeMike Conaway","Republican","Baptist - SBC","oil exploration executive","Texas A&M University–Commerce","2005","1948"
"373","","Texas 12","","Granger, KayKay Granger","Republican","United Methodist","Mayor of Fort Worth","Texas Wesleyan University","1999","1943"
"374","","Texas 13","","Thornberry, MacMac Thornberry","Republican","Presbyterian PC(USA)","Rancher, attorney","Texas Tech UniversityUniversity of Texas Law School","1995","1958"
"375","","Texas 14","","Weber, RandyRandy Weber","Republican","Baptist - SBC","Texas House of Representatives","University of Houston–Clear Lake","2013","1953"
"376","","Texas 15","","Hinojosa, RubénRubén Hinojosa","Democratic","Roman Catholic","food processing executive, Texas State Board of Education","University of Texas at AustinUniversity of Texas-Pan American","1997","1940"
"377","","Texas 16","","O'Rourke, BetoBeto O'Rourke","Democratic","Roman Catholic","El Paso City Councilman","Columbia University (attended)","2013","1972"
"378","","Texas 17","","Flores, BillBill Flores","Republican","Baptist - SBC","businessman","Texas A&M UniversityHouston Baptist University","2011","1954"
"379","","Texas 18","","Jackson Lee, SheilaSheila Jackson Lee","Democratic","Seventh-Day Adventist","Houston City Council","Yale UniversityUniversity of Virginia Law School","1995","1950"
"380","","Texas 19","","Neugebauer, RandyRandy Neugebauer","Republican","Baptist - SBC","Lubbock City Council, real estate developer","Texas Tech University","2003","1949"
"381","","Texas 20","","Castro, JoaquínJoaquín Castro","Democratic","Roman Catholic","Texas House of Representatives","Stanford UniversityHarvard Law School","2013","1974"
"382","","Texas 21","","Smith, Lamar S.Lamar S. Smith","Republican","Christian Scientist","Bexar County, Texas commissioner","Yale UniversitySouthern Methodist University School of Law","1987","1947"
"383","","Texas 22","","Olson, PetePete Olson","Republican","United Methodist","Congressional aide","Rice UniversityUniversity of Texas at Austin","2009","1962"
"384","","Texas 23","","Gallego, PetePete Gallego","Democratic","Roman Catholic","Texas House of Representatives","Sul Ross State UniversityUniversity of Texas School of Law","2013","1961"
"385","","Texas 24","","Marchant, KennyKenny Marchant","Republican","Nazarene","mayor of Carrolton, State Representative, Texas","Southern Nazarene University","2005","1951"
"386","","Texas 25","","Williams, RogerRoger Williams","Republican","Disciples of Christ","Secretary of State of Texas","Texas Christian University","2013","1949"
"387","","Texas 26","","Burgess, MichaelMichael Burgess","Republican","Anglican (REC)","physician","University of North TexasUniversity of Texas Health Science Center at Houston","2003","1950"
"388","","Texas 27","","Farenthold, BlakeBlake Farenthold","Republican","Episcopalian","attorney","University of Texas at AustinSt. Mary's University School of Law","2011","1961"
"389","","Texas 28","","Cuellar, HenryHenry Cuellar","Democratic","Roman Catholic","Texas House of Representatives, Texas Secretary of State","Edmund A. Walsh School of Foreign ServiceUniversity of Texas at Austin","2005","1955"
"390","","Texas 29","","Green, GeneGene Green","Democratic","United Methodist","Texas House of Representatives, Texas Senate","University of Houston","1993","1947"
"391","","Texas 30","","Johnson, EddieEddie Johnson","Democratic","Baptist - NBC","Texas Senate, nurse","Saint Mary's College-IndianaTexas Christian UniversitySouthern Methodist University","1991","1935"
"392","","Texas 31","","Carter, JohnJohn Carter","Republican","Lutheran - ELCA","district judge","Texas Tech UniversityUniversity of Texas at Austin","2003","1941"
"393","","Texas 32","","Sessions, PetePete Sessions","Republican","United Methodist","marketing executive","Southwestern University","1997","1955"
"394","","Texas 33","","Veasey, MarcMarc Veasey","Democratic","Baptist","Texas House of Representatives","Texas Wesleyan University","2013","1971"
"395","","Texas 34","","Vela, Jr., FilemonFilemon Vela, Jr.","Democratic","Roman Catholic","Attorney","Georgetown UniversityUniversity of Texas School of Law","2013","1963"
"396","","Texas 35","","Doggett, LloydLloyd Doggett","Democratic","United Methodist","Texas Senate, Texas Supreme Court justice, college professor","University of Texas at Austin","1995","1946"
"397","","Texas 36","","Stockman, SteveSteve Stockman","Republican","Baptist - SBC","U.S. House","University of Houston–Clear Lake","2013","1956"
"398","","Utah 1","","Bishop, RobRob Bishop","Republican","Mormon","Utah State Representative, Chairman of the Utah Republican Party","University of Utah","2003","1951"
"399","","Utah 2","","Stewart, ChrisChris Stewart","Republican","Mormon","Author, businessman","Utah State University","2013","1960"
"400","","Utah 3","","Chaffetz, JasonJason Chaffetz","Republican","Mormon","Business relations executive","Brigham Young University","2009","1967"
"401","","Utah 4","","Matheson, JimJim Matheson","Democratic","Mormon","Business owner","Harvard UniversityUniversity of California, Los Angeles","2001","1960"
"402","","Vermont At Large","","Welch, PeterPeter Welch","Democratic","Roman Catholic","Vermont Senate President Pro Tempore","College of the Holy CrossUniversity of California, Berkeley","2007","1947"
"403","","Virginia 1","","Wittman, RobRob Wittman","Republican","Episcopalian","Mayor of Montross, Westmoreland County Board of Supervisors, Virginia House of Delegates","Virginia TechUniversity of North CarolinaVirginia Commonwealth University","2007*","1959"
"404","","Virginia 2","","Rigell, ScottScott Rigell","Republican","Nondenominational Christian","businessman","Mercer UniversityRegent University","2011","1960"
"405","","Virginia 3","","Scott, RobertRobert Scott","Democratic","Episcopalian","Virginia State Legislature","Harvard UniversityBoston College Law School","1993","1947"
"406","","Virginia 4","","Forbes, RandyRandy Forbes","Republican","Baptist - SBC","Virginia Senate","Randolph-Macon CollegeUniversity of Virginia School of Law","2001","1952"
"407","","Virginia 5","","Hurt, RobertRobert Hurt","Republican","Presbyterian PC(USA)","Virginia House of Delegates, Virginia Senate","Hampden-Sydney CollegeMississippi College School of Law","2011","1969"
"408","","Virginia 6","","Goodlatte, BobBob Goodlatte","Republican","Christian Scientist","Private legal practice","Bates CollegeWashington and Lee University","1993","1952"
"409","","Virginia 7","","Brat, DaveDave Brat","Republican","Christian","Economics professor at Randolph–Macon College","Hope CollegePrinceton Theological SeminaryAmerican University","2014*","1964"
"410","","Virginia 8","","Moran, JimJim Moran","Democratic","Roman Catholic","Mayor of Alexandria","College of the Holy CrossUniversity of Pittsburgh","1991","1945"
"411","","Virginia 9","","Griffith, MorganMorgan Griffith","Republican","Episcopalian","Virginia House of Delegates","Emory and Henry CollegeWashington and Lee University","2011","1958"
"412","","Virginia 10","","Wolf, FrankFrank Wolf","Republican","Presbyterian PC(USA)","Assistant to the Secretary of the Interior","Pennsylvania State UniversityGeorgetown University","1981","1939"
"413","","Virginia 11","","Connolly, GerryGerry Connolly","Democratic","Roman Catholic","public administration","Maryknoll College (Illinois) (closed)Harvard University","2009","1950"
"414","","Washington 1","","DelBene, SuzanSuzan DelBene","Democratic","Episcopalian","Washington Department of Revenue Director","Reed CollegeUniversity of Washington","2012*","1963"
"415","","Washington 2","","Larsen, RickRick Larsen","Democratic","United Methodist","Snohomish County Council","Pacific Lutheran UniversityUniversity of Minnesota","2001","1965"
"416","","Washington 3","","Herrera Beutler, JaimeJaime Herrera Beutler","Republican","unspecified Christian","Washington House of Representatives","University of Washington","2011","1978"
"417","","Washington 4","","Hastings, DocDoc Hastings","Republican","Presbyterian","Washington House of Representatives","Columbia UniversityCentral Washington University","1995","1941"
"418","","Washington 5","","McMorris Rodgers, CathyCathy McMorris Rodgers","Republican","Evangelical Free Church","Washington House of Representatives","Pensacola Christian CollegeUniversity of Washington","2005","1969"
"419","","Washington 6","","Kilmer, DerekDerek Kilmer","Democratic","United Methodist","Washington State Senate","Princeton UniversityUniversity of Oxford","2013","1974"
"420","","Washington 7","","McDermott, JimJim McDermott","Democratic","Episcopalian","Psychiatrist, Washington State Senate","Wheaton CollegeUniversity of Illinois","1989","1936"
"421","","Washington 8","","Reichert, DaveDave Reichert","Republican","Lutheran - LCMS","King County Sheriff","Concordia College","2005","1950"
"422","","Washington 9","","Smith, AdamAdam Smith","Democratic","Episcopalian","Washington State Senate","Fordham UniversityUniversity of Washington","1997","1965"
"423","","Washington 10","","Heck, DennisDennis Heck","Democratic","Lutheran - ELCA","Washington House of Representatives","The Evergreen State College","2013","1952"
"424","","West Virginia 1","","McKinley, DavidDavid McKinley","Republican","Episcopalian","businessman","Purdue University","2011","1947"
"425","","West Virginia 2","","Moore Capito, ShelleyShelley Moore Capito","Republican","Presbyterian PC(USA)","West Virginia House of Delegates","Duke UniversityUniversity of Virginia","2001","1953"
"426","","West Virginia 3","","Rahall, NickNick Rahall","Democratic","Presbyterian PC(USA)","Senate Staff Member; media executive","Duke UniversityGeorge Washington University","1977","1949"
"427","","Wisconsin 1","","Ryan, PaulPaul Ryan","Republican","Roman Catholic","Legislative Director","Miami University","1999","1970"
"428","","Wisconsin 2","","Pocan, MarkMark Pocan","Democratic","Unspecified","Wisconsin State Assembly","University of Wisconsin–Madison","2013","1964"
"429","","Wisconsin 3","","Kind, RonRon Kind","Democratic","Lutheran - WELS","County Prosecutor","London School of EconomicsUniversity of Minnesota","1997","1963"
"430","","Wisconsin 4","","Moore, GwenGwen Moore","Democratic","Baptist","Wisconsin State Assembly, Wisconsin State Senate","Marquette UniversityHarvard University","2005","1951"
"431","","Wisconsin 5","","Sensenbrenner, JimJim Sensenbrenner","Republican","Episcopalian","Wisconsin State Senate","Stanford UniversityUniversity of Wisconsin","1979","1943"
"432","","Wisconsin 6","","Petri, TomTom Petri","Republican","Lutheran - ELCA","Wisconsin State Senate","Harvard University","1979","1940"
"433","","Wisconsin 7","","Duffy, SeanSean Duffy","Republican","Roman Catholic","Ashland County District Attorney","St. Mary's UniversityWilliam Mitchell College of Law","2011","1971"
"434","","Wisconsin 8","","Ribble, ReidReid Ribble","Republican","Nondenominational Christian","businessman","","2011","1956"
"435","","Wyoming At Large","","Lummis, CynthiaCynthia Lummis","Republican","Lutheran - LCMS","Wyoming State Treasurer","University of Wyoming","2009","1954"
